{
    "camera": {
        "aperture": 2.799999952316284,
        "focalLength": 35.0,
        "forward": {
            "x": 1.0,
            "y": 0.0,
            "z": -8.742277657347586e-08
        },
        "iso": 100.0,
        "position": {
            "x": -1362.8177490234375,
            "y": 68.0419692993164,
            "z": -38.6905517578125
        }
    },
    "fog": {
        "density": 0.05999999865889549,
        "height": 1.0
    },
    "lighting": {
        "sunColor": {
            "x": 1.0,
            "y": 0.949999988079071,
            "z": 0.8999999761581421
        },
        "sunDirection": {
            "x": 0.5,
            "y": 1.0,
            "z": 0.4000000059604645
        },
        "sunIntensity": 3.5
    },
    "postProcess": {
        "bloomIntensity": 0.0,
        "exposure": 1.2000000476837158
    },
    "toggles": {
        "fog": true,
        "ssao": true,
        "taa": true
    }
}